month,target_date,sp500_date,sp500,selection,source
2016-05,2016-05-20,2016-05-20,2052.32,exact_date,https://fred.stlouisfed.org/series/SP500
2016-06,2016-06-20,2016-06-20,2083.25,exact_date,https://fred.stlouisfed.org/series/SP500
2016-07,2016-07-20,2016-07-20,2173.02,exact_date,https://fred.stlouisfed.org/series/SP500
2016-08,2016-08-19,2016-08-19,2183.87,exact_date,https://fred.stlouisfed.org/series/SP500
2016-09,2016-09-20,2016-09-20,2139.76,exact_date,https://fred.stlouisfed.org/series/SP500
2016-10,2016-10-20,2016-10-20,2141.34,exact_date,https://fred.stlouisfed.org/series/SP500
2016-11,2016-11-18,2016-11-18,2181.90,exact_date,https://fred.stlouisfed.org/series/SP500
2016-12,2016-12-20,2016-12-20,2270.76,exact_date,https://fred.stlouisfed.org/series/SP500
2017-01,2017-01-20,2017-01-20,2271.31,exact_date,https://fred.stlouisfed.org/series/SP500
2017-02,2017-02-20,2017-02-17,2351.16,nearest_prior_sp500_trading_day,https://fred.stlouisfed.org/series/SP500
2017-03,2017-03-20,2017-03-20,2373.47,exact_date,https://fred.stlouisfed.org/series/SP500
2017-04,2017-04-20,2017-04-20,2355.84,exact_date,https://fred.stlouisfed.org/series/SP500
2017-05,2017-05-19,2017-05-19,2381.73,exact_date,https://fred.stlouisfed.org/series/SP500
2017-06,2017-06-20,2017-06-20,2437.03,exact_date,https://fred.stlouisfed.org/series/SP500
2017-07,2017-07-20,2017-07-20,2473.45,exact_date,https://fred.stlouisfed.org/series/SP500
2017-08,2017-08-18,2017-08-18,2425.55,exact_date,https://fred.stlouisfed.org/series/SP500
2017-09,2017-09-20,2017-09-20,2508.24,exact_date,https://fred.stlouisfed.org/series/SP500
2017-10,2017-10-20,2017-10-20,2575.21,exact_date,https://fred.stlouisfed.org/series/SP500
2017-11,2017-11-20,2017-11-20,2582.14,exact_date,https://fred.stlouisfed.org/series/SP500
2017-12,2017-12-20,2017-12-20,2679.25,exact_date,https://fred.stlouisfed.org/series/SP500
2018-01,2018-01-19,2018-01-19,2810.30,exact_date,https://fred.stlouisfed.org/series/SP500
2018-02,2018-02-20,2018-02-20,2716.26,exact_date,https://fred.stlouisfed.org/series/SP500
2018-03,2018-03-20,2018-03-20,2716.94,exact_date,https://fred.stlouisfed.org/series/SP500
2018-04,2018-04-20,2018-04-20,2670.14,exact_date,https://fred.stlouisfed.org/series/SP500
2018-05,2018-05-18,2018-05-18,2712.97,exact_date,https://fred.stlouisfed.org/series/SP500
2018-06,2018-06-20,2018-06-20,2767.32,exact_date,https://fred.stlouisfed.org/series/SP500
2018-07,2018-07-20,2018-07-20,2801.83,exact_date,https://fred.stlouisfed.org/series/SP500
2018-08,2018-08-20,2018-08-20,2857.05,exact_date,https://fred.stlouisfed.org/series/SP500
2018-09,2018-09-20,2018-09-20,2930.75,exact_date,https://fred.stlouisfed.org/series/SP500
2018-10,2018-10-19,2018-10-19,2767.78,exact_date,https://fred.stlouisfed.org/series/SP500
2018-11,2018-11-20,2018-11-20,2641.89,exact_date,https://fred.stlouisfed.org/series/SP500
2018-12,2018-12-20,2018-12-20,2467.42,exact_date,https://fred.stlouisfed.org/series/SP500
2019-01,2019-01-18,2019-01-18,2670.71,exact_date,https://fred.stlouisfed.org/series/SP500
2019-02,2019-02-20,2019-02-20,2784.70,exact_date,https://fred.stlouisfed.org/series/SP500
2019-03,2019-03-20,2019-03-20,2824.23,exact_date,https://fred.stlouisfed.org/series/SP500
2019-04,2019-04-17,2019-04-17,2900.45,exact_date,https://fred.stlouisfed.org/series/SP500
2019-05,2019-05-20,2019-05-20,2840.23,exact_date,https://fred.stlouisfed.org/series/SP500
2019-06,2019-06-20,2019-06-20,2954.18,exact_date,https://fred.stlouisfed.org/series/SP500
2019-07,2019-07-19,2019-07-19,2976.61,exact_date,https://fred.stlouisfed.org/series/SP500
2019-08,2019-08-20,2019-08-20,2900.51,exact_date,https://fred.stlouisfed.org/series/SP500
2019-09,2019-09-20,2019-09-20,2992.07,exact_date,https://fred.stlouisfed.org/series/SP500
2019-10,2019-10-18,2019-10-18,2986.20,exact_date,https://fred.stlouisfed.org/series/SP500
2019-11,2019-11-20,2019-11-20,3108.46,exact_date,https://fred.stlouisfed.org/series/SP500
2019-12,2019-12-20,2019-12-20,3221.22,exact_date,https://fred.stlouisfed.org/series/SP500
2020-01,2020-01-20,2020-01-17,3329.62,nearest_prior_sp500_trading_day,https://fred.stlouisfed.org/series/SP500
2020-02,2020-02-20,2020-02-20,3373.23,exact_date,https://fred.stlouisfed.org/series/SP500
2020-03,2020-03-20,2020-03-20,2304.92,exact_date,https://fred.stlouisfed.org/series/SP500
2020-04,2020-04-20,2020-04-20,2823.16,exact_date,https://fred.stlouisfed.org/series/SP500
2020-05,2020-05-20,2020-05-20,2971.61,exact_date,https://fred.stlouisfed.org/series/SP500
2020-06,2020-06-19,2020-06-19,3097.74,exact_date,https://fred.stlouisfed.org/series/SP500
2020-07,2020-07-20,2020-07-20,3251.84,exact_date,https://fred.stlouisfed.org/series/SP500
2020-08,2020-08-20,2020-08-20,3385.51,exact_date,https://fred.stlouisfed.org/series/SP500
2020-09,2020-09-18,2020-09-18,3319.47,exact_date,https://fred.stlouisfed.org/series/SP500
2020-10,2020-10-20,2020-10-20,3443.12,exact_date,https://fred.stlouisfed.org/series/SP500
2020-11,2020-11-20,2020-11-20,3557.54,exact_date,https://fred.stlouisfed.org/series/SP500
2020-12,2020-12-18,2020-12-18,3709.41,exact_date,https://fred.stlouisfed.org/series/SP500
2021-01,2021-01-20,2021-01-20,3851.85,exact_date,https://fred.stlouisfed.org/series/SP500
2021-02,2021-02-19,2021-02-19,3906.71,exact_date,https://fred.stlouisfed.org/series/SP500
2021-03,2021-03-19,2021-03-19,3913.10,exact_date,https://fred.stlouisfed.org/series/SP500
2021-04,2021-04-20,2021-04-20,4134.94,exact_date,https://fred.stlouisfed.org/series/SP500
2021-05,2021-05-20,2021-05-20,4159.12,exact_date,https://fred.stlouisfed.org/series/SP500
2021-06,2021-06-18,2021-06-18,4166.45,exact_date,https://fred.stlouisfed.org/series/SP500
2021-07,2021-07-19,2021-07-19,4258.49,exact_date,https://fred.stlouisfed.org/series/SP500
2021-08,2021-08-20,2021-08-20,4441.67,exact_date,https://fred.stlouisfed.org/series/SP500
2021-09,2021-09-20,2021-09-20,4357.73,exact_date,https://fred.stlouisfed.org/series/SP500
2021-10,2021-10-20,2021-10-20,4536.19,exact_date,https://fred.stlouisfed.org/series/SP500
2021-11,2021-11-19,2021-11-19,4697.96,exact_date,https://fred.stlouisfed.org/series/SP500
2021-12,2021-12-20,2021-12-20,4568.02,exact_date,https://fred.stlouisfed.org/series/SP500
2022-01,2022-01-20,2022-01-20,4482.73,exact_date,https://fred.stlouisfed.org/series/SP500
2022-02,2022-02-18,2022-02-18,4348.87,exact_date,https://fred.stlouisfed.org/series/SP500
2022-03,2022-03-18,2022-03-18,4463.12,exact_date,https://fred.stlouisfed.org/series/SP500
2022-04,2022-04-20,2022-04-20,4459.45,exact_date,https://fred.stlouisfed.org/series/SP500
2022-05,2022-05-20,2022-05-20,3901.36,exact_date,https://fred.stlouisfed.org/series/SP500
2022-06,2022-06-20,2022-06-17,3674.84,nearest_prior_sp500_trading_day,https://fred.stlouisfed.org/series/SP500
2022-07,2022-07-20,2022-07-20,3959.90,exact_date,https://fred.stlouisfed.org/series/SP500
2022-08,2022-08-19,2022-08-19,4228.48,exact_date,https://fred.stlouisfed.org/series/SP500
2022-09,2022-09-20,2022-09-20,3855.93,exact_date,https://fred.stlouisfed.org/series/SP500
2022-10,2022-10-20,2022-10-20,3665.78,exact_date,https://fred.stlouisfed.org/series/SP500
2022-11,2022-11-18,2022-11-18,3965.34,exact_date,https://fred.stlouisfed.org/series/SP500
2022-12,2022-12-20,2022-12-20,3821.62,exact_date,https://fred.stlouisfed.org/series/SP500
2023-01,2023-01-20,2023-01-20,3972.61,exact_date,https://fred.stlouisfed.org/series/SP500
2023-02,2023-02-20,2023-02-17,4079.09,nearest_prior_sp500_trading_day,https://fred.stlouisfed.org/series/SP500
2023-03,2023-03-20,2023-03-20,3951.57,exact_date,https://fred.stlouisfed.org/series/SP500
2023-04,2023-04-20,2023-04-20,4129.79,exact_date,https://fred.stlouisfed.org/series/SP500
2023-05,2023-05-19,2023-05-19,4191.98,exact_date,https://fred.stlouisfed.org/series/SP500
2023-06,2023-06-20,2023-06-20,4388.71,exact_date,https://fred.stlouisfed.org/series/SP500
2023-07,2023-07-20,2023-07-20,4534.87,exact_date,https://fred.stlouisfed.org/series/SP500
2023-08,2023-08-18,2023-08-18,4369.71,exact_date,https://fred.stlouisfed.org/series/SP500
2023-09,2023-09-20,2023-09-20,4402.20,exact_date,https://fred.stlouisfed.org/series/SP500
2023-10,2023-10-20,2023-10-20,4224.16,exact_date,https://fred.stlouisfed.org/series/SP500
2023-11,2023-11-20,2023-11-20,4547.38,exact_date,https://fred.stlouisfed.org/series/SP500
2023-12,2023-12-20,2023-12-20,4698.35,exact_date,https://fred.stlouisfed.org/series/SP500
2024-01,2024-01-19,2024-01-19,4839.81,exact_date,https://fred.stlouisfed.org/series/SP500
2024-02,2024-02-20,2024-02-20,4975.51,exact_date,https://fred.stlouisfed.org/series/SP500
2024-03,2024-03-20,2024-03-20,5224.62,exact_date,https://fred.stlouisfed.org/series/SP500
2024-04,2024-04-19,2024-04-19,4967.23,exact_date,https://fred.stlouisfed.org/series/SP500
2024-05,2024-05-20,2024-05-20,5308.13,exact_date,https://fred.stlouisfed.org/series/SP500
2024-06,2024-06-20,2024-06-20,5473.17,exact_date,https://fred.stlouisfed.org/series/SP500
2024-07,2024-07-19,2024-07-19,5505.00,exact_date,https://fred.stlouisfed.org/series/SP500
2024-08,2024-08-20,2024-08-20,5597.12,exact_date,https://fred.stlouisfed.org/series/SP500
2024-09,2024-09-20,2024-09-20,5702.55,exact_date,https://fred.stlouisfed.org/series/SP500
2024-10,2024-10-18,2024-10-18,5864.67,exact_date,https://fred.stlouisfed.org/series/SP500
2024-11,2024-11-20,2024-11-20,5917.11,exact_date,https://fred.stlouisfed.org/series/SP500
2024-12,2024-12-20,2024-12-20,5930.85,exact_date,https://fred.stlouisfed.org/series/SP500
2025-01,2025-01-20,2025-01-17,5996.66,nearest_prior_sp500_trading_day,https://fred.stlouisfed.org/series/SP500
2025-02,2025-02-20,2025-02-20,6117.52,exact_date,https://fred.stlouisfed.org/series/SP500
2025-03,2025-03-20,2025-03-20,5662.89,exact_date,https://fred.stlouisfed.org/series/SP500
2025-04,2025-04-16,2025-04-16,5275.70,exact_date,https://fred.stlouisfed.org/series/SP500
2025-05,2025-05-20,2025-05-20,5940.46,exact_date,https://fred.stlouisfed.org/series/SP500
2025-06,2025-06-20,2025-06-20,5967.84,exact_date,https://fred.stlouisfed.org/series/SP500
2025-07,2025-07-18,2025-07-18,6296.79,exact_date,https://fred.stlouisfed.org/series/SP500
2025-08,2025-08-20,2025-08-20,6395.78,exact_date,https://fred.stlouisfed.org/series/SP500
2025-09,2025-09-19,2025-09-19,6664.36,exact_date,https://fred.stlouisfed.org/series/SP500
2025-10,2025-10-20,2025-10-20,6735.13,exact_date,https://fred.stlouisfed.org/series/SP500
2025-11,2025-11-20,2025-11-20,6538.76,exact_date,https://fred.stlouisfed.org/series/SP500
2025-12,2025-12-19,2025-12-19,6834.50,exact_date,https://fred.stlouisfed.org/series/SP500
2026-01,2026-01-20,2026-01-20,6796.86,exact_date,https://fred.stlouisfed.org/series/SP500
2026-02,2026-02-20,2026-02-20,6909.51,exact_date,https://fred.stlouisfed.org/series/SP500
2026-03,2026-03-19,2026-03-19,6606.49,exact_date,https://fred.stlouisfed.org/series/SP500
2026-04,2026-04-20,2026-04-20,7109.14,exact_date,https://fred.stlouisfed.org/series/SP500
2026-05,2026-05-07,2026-05-06,7365.12,nearest_prior_sp500_trading_day,https://fred.stlouisfed.org/series/SP500
