month,selected_date,target_day,day_used,usd_php,selection,source
2016-05,2016-05-20,20,20,46.8550,exact_20th,https://www.bsp.gov.ph/statistics/external/pesodollar.xlsx
2016-06,2016-06-20,20,20,46.4180,exact_20th,https://www.bsp.gov.ph/statistics/external/pesodollar.xlsx
2016-07,2016-07-20,20,20,46.8440,exact_20th,https://www.bsp.gov.ph/statistics/external/pesodollar.xlsx
2016-08,2016-08-19,20,19,46.3060,nearest_prior_bsp_business_day,https://www.bsp.gov.ph/statistics/external/pesodollar.xlsx
2016-09,2016-09-20,20,20,47.8680,exact_20th,https://www.bsp.gov.ph/statistics/external/pesodollar.xlsx
2016-10,2016-10-20,20,20,48.1830,exact_20th,https://www.bsp.gov.ph/statistics/external/pesodollar.xlsx
2016-11,2016-11-18,20,18,49.4190,nearest_prior_bsp_business_day,https://www.bsp.gov.ph/statistics/external/pesodollar.xlsx
2016-12,2016-12-20,20,20,49.9300,exact_20th,https://www.bsp.gov.ph/statistics/external/pesodollar.xlsx
2017-01,2017-01-20,20,20,49.9530,exact_20th,https://www.bsp.gov.ph/statistics/external/pesodollar.xlsx
2017-02,2017-02-20,20,20,49.9870,exact_20th,https://www.bsp.gov.ph/statistics/external/pesodollar.xlsx
2017-03,2017-03-20,20,20,50.1540,exact_20th,https://www.bsp.gov.ph/statistics/external/pesodollar.xlsx
2017-04,2017-04-20,20,20,49.7090,exact_20th,https://www.bsp.gov.ph/statistics/external/pesodollar.xlsx
2017-05,2017-05-19,20,19,49.8340,nearest_prior_bsp_business_day,https://www.bsp.gov.ph/statistics/external/pesodollar.xlsx
2017-06,2017-06-20,20,20,49.8590,exact_20th,https://www.bsp.gov.ph/statistics/external/pesodollar.xlsx
2017-07,2017-07-20,20,20,50.8230,exact_20th,https://www.bsp.gov.ph/statistics/external/pesodollar.xlsx
2017-08,2017-08-18,20,18,51.3010,nearest_prior_bsp_business_day,https://www.bsp.gov.ph/statistics/external/pesodollar.xlsx
2017-09,2017-09-20,20,20,51.0360,exact_20th,https://www.bsp.gov.ph/statistics/external/pesodollar.xlsx
2017-10,2017-10-20,20,20,51.4630,exact_20th,https://www.bsp.gov.ph/statistics/external/pesodollar.xlsx
2017-11,2017-11-20,20,20,50.8160,exact_20th,https://www.bsp.gov.ph/statistics/external/pesodollar.xlsx
2017-12,2017-12-20,20,20,50.4620,exact_20th,https://www.bsp.gov.ph/statistics/external/pesodollar.xlsx
2018-01,2018-01-19,20,19,50.7550,nearest_prior_bsp_business_day,https://www.bsp.gov.ph/statistics/external/pesodollar.xlsx
2018-02,2018-02-20,20,20,52.3540,exact_20th,https://www.bsp.gov.ph/statistics/external/pesodollar.xlsx
2018-03,2018-03-20,20,20,52.0410,exact_20th,https://www.bsp.gov.ph/statistics/external/pesodollar.xlsx
2018-04,2018-04-20,20,20,52.0650,exact_20th,https://www.bsp.gov.ph/statistics/external/pesodollar.xlsx
2018-05,2018-05-18,20,18,52.2540,nearest_prior_bsp_business_day,https://www.bsp.gov.ph/statistics/external/pesodollar.xlsx
2018-06,2018-06-20,20,20,53.3950,exact_20th,https://www.bsp.gov.ph/statistics/external/pesodollar.xlsx
2018-07,2018-07-20,20,20,53.5200,exact_20th,https://www.bsp.gov.ph/statistics/external/pesodollar.xlsx
2018-08,2018-08-20,20,20,53.4140,exact_20th,https://www.bsp.gov.ph/statistics/external/pesodollar.xlsx
2018-09,2018-09-20,20,20,54.0600,exact_20th,https://www.bsp.gov.ph/statistics/external/pesodollar.xlsx
2018-10,2018-10-19,20,19,53.9990,nearest_prior_bsp_business_day,https://www.bsp.gov.ph/statistics/external/pesodollar.xlsx
2018-11,2018-11-20,20,20,52.6000,exact_20th,https://www.bsp.gov.ph/statistics/external/pesodollar.xlsx
2018-12,2018-12-20,20,20,53.0260,exact_20th,https://www.bsp.gov.ph/statistics/external/pesodollar.xlsx
2019-01,2019-01-18,20,18,52.2880,nearest_prior_bsp_business_day,https://www.bsp.gov.ph/statistics/external/pesodollar.xlsx
2019-02,2019-02-20,20,20,52.3130,exact_20th,https://www.bsp.gov.ph/statistics/external/pesodollar.xlsx
2019-03,2019-03-20,20,20,52.7870,exact_20th,https://www.bsp.gov.ph/statistics/external/pesodollar.xlsx
2019-04,2019-04-17,20,17,51.7240,nearest_prior_bsp_business_day,https://www.bsp.gov.ph/statistics/external/pesodollar.xlsx
2019-05,2019-05-20,20,20,52.5370,exact_20th,https://www.bsp.gov.ph/statistics/external/pesodollar.xlsx
2019-06,2019-06-20,20,20,51.8860,exact_20th,https://www.bsp.gov.ph/statistics/external/pesodollar.xlsx
2019-07,2019-07-19,20,19,51.0290,nearest_prior_bsp_business_day,https://www.bsp.gov.ph/statistics/external/pesodollar.xlsx
2019-08,2019-08-20,20,20,52.3080,exact_20th,https://www.bsp.gov.ph/statistics/external/pesodollar.xlsx
2019-09,2019-09-20,20,20,52.2800,exact_20th,https://www.bsp.gov.ph/statistics/external/pesodollar.xlsx
2019-10,2019-10-18,20,18,51.4860,nearest_prior_bsp_business_day,https://www.bsp.gov.ph/statistics/external/pesodollar.xlsx
2019-11,2019-11-20,20,20,50.8040,exact_20th,https://www.bsp.gov.ph/statistics/external/pesodollar.xlsx
2019-12,2019-12-20,20,20,50.6300,exact_20th,https://www.bsp.gov.ph/statistics/external/pesodollar.xlsx
2020-01,2020-01-20,20,20,50.8980,exact_20th,https://www.bsp.gov.ph/statistics/external/pesodollar.xlsx
2020-02,2020-02-20,20,20,50.5730,exact_20th,https://www.bsp.gov.ph/statistics/external/pesodollar.xlsx
2020-03,2020-03-20,20,20,51.2150,exact_20th,https://www.bsp.gov.ph/statistics/external/pesodollar.xlsx
2020-04,2020-04-20,20,20,50.7870,exact_20th,https://www.bsp.gov.ph/statistics/external/pesodollar.xlsx
2020-05,2020-05-20,20,20,50.7870,exact_20th,https://www.bsp.gov.ph/statistics/external/pesodollar.xlsx
2020-06,2020-06-19,20,19,50.0380,nearest_prior_bsp_business_day,https://www.bsp.gov.ph/statistics/external/pesodollar.xlsx
2020-07,2020-07-20,20,20,49.4930,exact_20th,https://www.bsp.gov.ph/statistics/external/pesodollar.xlsx
2020-08,2020-08-20,20,20,48.5610,exact_20th,https://www.bsp.gov.ph/statistics/external/pesodollar.xlsx
2020-09,2020-09-18,20,18,48.4540,nearest_prior_bsp_business_day,https://www.bsp.gov.ph/statistics/external/pesodollar.xlsx
2020-10,2020-10-20,20,20,48.5780,exact_20th,https://www.bsp.gov.ph/statistics/external/pesodollar.xlsx
2020-11,2020-11-20,20,20,48.2790,exact_20th,https://www.bsp.gov.ph/statistics/external/pesodollar.xlsx
2020-12,2020-12-18,20,18,48.0590,nearest_prior_bsp_business_day,https://www.bsp.gov.ph/statistics/external/pesodollar.xlsx
2021-01,2021-01-20,20,20,48.0690,exact_20th,https://www.bsp.gov.ph/statistics/external/pesodollar.xlsx
2021-02,2021-02-19,20,19,48.4050,nearest_prior_bsp_business_day,https://www.bsp.gov.ph/statistics/external/pesodollar.xlsx
2021-03,2021-03-19,20,19,48.6730,nearest_prior_bsp_business_day,https://www.bsp.gov.ph/statistics/external/pesodollar.xlsx
2021-04,2021-04-20,20,20,48.3990,exact_20th,https://www.bsp.gov.ph/statistics/external/pesodollar.xlsx
2021-05,2021-05-20,20,20,47.8300,exact_20th,https://www.bsp.gov.ph/statistics/external/pesodollar.xlsx
2021-06,2021-06-18,20,18,48.3680,nearest_prior_bsp_business_day,https://www.bsp.gov.ph/statistics/external/pesodollar.xlsx
2021-07,2021-07-19,20,19,50.2030,nearest_prior_bsp_business_day,https://www.bsp.gov.ph/statistics/external/pesodollar.xlsx
2021-08,2021-08-20,20,20,50.5130,exact_20th,https://www.bsp.gov.ph/statistics/external/pesodollar.xlsx
2021-09,2021-09-20,20,20,49.9730,exact_20th,https://www.bsp.gov.ph/statistics/external/pesodollar.xlsx
2021-10,2021-10-20,20,20,50.7550,exact_20th,https://www.bsp.gov.ph/statistics/external/pesodollar.xlsx
2021-11,2021-11-19,20,19,50.3030,nearest_prior_bsp_business_day,https://www.bsp.gov.ph/statistics/external/pesodollar.xlsx
2021-12,2021-12-20,20,20,49.9640,exact_20th,https://www.bsp.gov.ph/statistics/external/pesodollar.xlsx
2022-01,2022-01-20,20,20,51.4580,exact_20th,https://www.bsp.gov.ph/statistics/external/pesodollar.xlsx
2022-02,2022-02-18,20,18,51.2880,nearest_prior_bsp_business_day,https://www.bsp.gov.ph/statistics/external/pesodollar.xlsx
2022-03,2022-03-18,20,18,52.1670,nearest_prior_bsp_business_day,https://www.bsp.gov.ph/statistics/external/pesodollar.xlsx
2022-04,2022-04-20,20,20,52.3810,exact_20th,https://www.bsp.gov.ph/statistics/external/pesodollar.xlsx
2022-05,2022-05-20,20,20,52.3900,exact_20th,https://www.bsp.gov.ph/statistics/external/pesodollar.xlsx
2022-06,2022-06-20,20,20,53.5510,exact_20th,https://www.bsp.gov.ph/statistics/external/pesodollar.xlsx
2022-07,2022-07-20,20,20,56.3350,exact_20th,https://www.bsp.gov.ph/statistics/external/pesodollar.xlsx
2022-08,2022-08-19,20,19,55.8560,nearest_prior_bsp_business_day,https://www.bsp.gov.ph/statistics/external/pesodollar.xlsx
2022-09,2022-09-20,20,20,57.3630,exact_20th,https://www.bsp.gov.ph/statistics/external/pesodollar.xlsx
2022-10,2022-10-20,20,20,58.8870,exact_20th,https://www.bsp.gov.ph/statistics/external/pesodollar.xlsx
2022-11,2022-11-18,20,18,57.4510,nearest_prior_bsp_business_day,https://www.bsp.gov.ph/statistics/external/pesodollar.xlsx
2022-12,2022-12-20,20,20,55.4390,exact_20th,https://www.bsp.gov.ph/statistics/external/pesodollar.xlsx
2023-01,2023-01-20,20,20,54.6880,exact_20th,https://www.bsp.gov.ph/statistics/external/pesodollar.xlsx
2023-02,2023-02-20,20,20,55.2520,exact_20th,https://www.bsp.gov.ph/statistics/external/pesodollar.xlsx
2023-03,2023-03-20,20,20,54.6780,exact_20th,https://www.bsp.gov.ph/statistics/external/pesodollar.xlsx
2023-04,2023-04-20,20,20,56.0800,exact_20th,https://www.bsp.gov.ph/statistics/external/pesodollar.xlsx
2023-05,2023-05-19,20,19,55.9670,nearest_prior_bsp_business_day,https://www.bsp.gov.ph/statistics/external/pesodollar.xlsx
2023-06,2023-06-20,20,20,55.8440,exact_20th,https://www.bsp.gov.ph/statistics/external/pesodollar.xlsx
2023-07,2023-07-20,20,20,54.5440,exact_20th,https://www.bsp.gov.ph/statistics/external/pesodollar.xlsx
2023-08,2023-08-18,20,18,56.6780,nearest_prior_bsp_business_day,https://www.bsp.gov.ph/statistics/external/pesodollar.xlsx
2023-09,2023-09-20,20,20,56.7700,exact_20th,https://www.bsp.gov.ph/statistics/external/pesodollar.xlsx
2023-10,2023-10-20,20,20,56.8640,exact_20th,https://www.bsp.gov.ph/statistics/external/pesodollar.xlsx
2023-11,2023-11-20,20,20,55.6450,exact_20th,https://www.bsp.gov.ph/statistics/external/pesodollar.xlsx
2023-12,2023-12-20,20,20,55.9170,exact_20th,https://www.bsp.gov.ph/statistics/external/pesodollar.xlsx
2024-01,2024-01-19,20,19,55.8280,nearest_prior_bsp_business_day,https://www.bsp.gov.ph/statistics/external/pesodollar.xlsx
2024-02,2024-02-20,20,20,56.0060,exact_20th,https://www.bsp.gov.ph/statistics/external/pesodollar.xlsx
2024-03,2024-03-20,20,20,55.7780,exact_20th,https://www.bsp.gov.ph/statistics/external/pesodollar.xlsx
2024-04,2024-04-19,20,19,57.0950,nearest_prior_bsp_business_day,https://www.bsp.gov.ph/statistics/external/pesodollar.xlsx
2024-05,2024-05-20,20,20,57.6430,exact_20th,https://www.bsp.gov.ph/statistics/external/pesodollar.xlsx
2024-06,2024-06-20,20,20,58.6610,exact_20th,https://www.bsp.gov.ph/statistics/external/pesodollar.xlsx
2024-07,2024-07-19,20,19,58.2640,nearest_prior_bsp_business_day,https://www.bsp.gov.ph/statistics/external/pesodollar.xlsx
2024-08,2024-08-20,20,20,56.8340,exact_20th,https://www.bsp.gov.ph/statistics/external/pesodollar.xlsx
2024-09,2024-09-20,20,20,55.7490,exact_20th,https://www.bsp.gov.ph/statistics/external/pesodollar.xlsx
2024-10,2024-10-18,20,18,57.7180,nearest_prior_bsp_business_day,https://www.bsp.gov.ph/statistics/external/pesodollar.xlsx
2024-11,2024-11-20,20,20,58.6800,exact_20th,https://www.bsp.gov.ph/statistics/external/pesodollar.xlsx
2024-12,2024-12-20,20,20,58.9980,exact_20th,https://www.bsp.gov.ph/statistics/external/pesodollar.xlsx
2025-01,2025-01-20,20,20,58.5550,exact_20th,https://www.bsp.gov.ph/statistics/external/pesodollar.xlsx
2025-02,2025-02-20,20,20,58.1170,exact_20th,https://www.bsp.gov.ph/statistics/external/pesodollar.xlsx
2025-03,2025-03-20,20,20,57.2420,exact_20th,https://www.bsp.gov.ph/statistics/external/pesodollar.xlsx
2025-04,2025-04-16,20,16,56.9760,nearest_prior_bsp_business_day,https://www.bsp.gov.ph/statistics/external/pesodollar.xlsx
2025-05,2025-05-20,20,20,55.7910,exact_20th,https://www.bsp.gov.ph/statistics/external/pesodollar.xlsx
2025-06,2025-06-20,20,20,57.3270,exact_20th,https://www.bsp.gov.ph/statistics/external/pesodollar.xlsx
2025-07,2025-07-18,20,18,57.1240,nearest_prior_bsp_business_day,https://www.bsp.gov.ph/statistics/external/pesodollar.xlsx
2025-08,2025-08-20,20,20,57.1010,exact_20th,https://www.bsp.gov.ph/statistics/external/pesodollar.xlsx
2025-09,2025-09-19,20,19,57.0570,nearest_prior_bsp_business_day,https://www.bsp.gov.ph/statistics/external/pesodollar.xlsx
2025-10,2025-10-20,20,20,58.1130,exact_20th,https://www.bsp.gov.ph/statistics/external/pesodollar.xlsx
2025-11,2025-11-20,20,20,58.8980,exact_20th,https://www.bsp.gov.ph/statistics/external/pesodollar.xlsx
2025-12,2025-12-19,20,19,58.6050,nearest_prior_bsp_business_day,https://www.bsp.gov.ph/statistics/external/pesodollar.xlsx
2026-01,2026-01-20,20,20,59.3960,exact_20th,https://www.bsp.gov.ph/statistics/external/pesodollar.xlsx
2026-02,2026-02-20,20,20,57.9640,exact_20th,https://www.bsp.gov.ph/statistics/external/pesodollar.xlsx
2026-03,2026-03-19,20,19,59.5620,nearest_prior_bsp_business_day,https://www.bsp.gov.ph/statistics/external/pesodollar.xlsx
2026-04,2026-04-20,20,20,60.0750,exact_20th,https://www.bsp.gov.ph/statistics/external/pesodollar.xlsx
2026-05,2026-05-07,20,7,61.3770,nearest_prior_bsp_business_day,https://www.bsp.gov.ph/statistics/external/pesodollar.xlsx
